{
  "name": "wxwidgets",
  "version": "3.2.0",
  "port-version": 1,
  "description": [
    "Widget toolkit and tools library for creating graphical user interfaces (GUIs) for cross-platform applications. ",
    "Set WXWIDGETS_USE_STL in a custom triplet to build with the wxUSE_STL build option.",
    "Set WXWIDGETS_USE_STD_CONTAINERS in a custom triplet to build with the wxUSE_STD_CONTAINERS build option."
  ],
  "homepage": "https://github.com/wxWidgets/wxWidgets",
  "license": "LGPL-2.0-or-later WITH WxWindows-exception-3.1",
  "supports": "!uwp",
  "dependencies": [
    {
      "name": "curl",
      "default-features": false,
      "platform": "!windows & !osx"
    },
    "expat",
    {
      "name": "libpng",
      "platform": "!linux"
    },
    "tiff",
    {
      "name": "vcpkg-cmake",
      "host": true
    },
    {
      "name": "vcpkg-cmake-config",
      "host": true
    },
    "zlib"
  ],
  "default-features": [
    "debug-support",
    "sound"
  ],
  "features": {
    "debug-support": {
      "description": "Enable wxWidgets debugging support hooks even for release builds (wxDEBUG_LEVEL 1)"
    },
    "example": {
      "description": "Example source code and CMake project"
    },
    "fonts": {
      "description": "Enable to use the font functionality of wxWidgets",
      "dependencies": [
        {
          "name": "fontconfig",
          "platform": "!windows & !osx"
        },
        {
          "name": "pango",
          "platform": "!windows & !osx"
        }
      ]
    },
    "sound": {
      "description": "Build wxSound support",
      "dependencies": [
        {
          "name": "sdl2",
          "default-features": false,
          "platform": "!windows & !osx"
        }
      ]
    }
  }
}
